email,full_name,how_was_your_last_month_in_your_assignment,How_Was_Your_Last_Month_Within_Your_Department,How_Was_Your_Last_Month_With_Us,What_Felt_Best_During_This_Last_Month,What_Should_We_Do_To_Make_You_Feel_Better_And_Increase_Your_Overall_Satisfaction,Any_Additional_Suggestion_To_Improve,any_additional_comments,I_Would_Like_To_Get_Called_By,I_Would_Like_To_Provide_A_Copy_Of_My_Answers_To,id,improve_sentiment,feeling_sentiment,satisfaction_sentiment
Lorem.ipsum@congueelit.ca,Harrison,4,4,4,"collaborating closely with Damien,  closing the deal with ucb","keep the good vibes, the trust and open communication , we rock !",more sync between the different departments,,,,0,neutral,neutral,positive
elit.elit.fermentum@Crasinterdum.ca,Clinton,4,4,4,being promoted,maintain the good collaboration,keep up the good energy,,,,1,positive,neutral,positive
semper@mi.com,Scott,3,3,2,team building we had last month,"more consideration for the employes, making them partners in management decision",Donâ€™t be friends during work hours.,,,,2,negative,neutral,neutral
tellus.non@velsapien.co.uk,Russell,1,1,1,not much for me,I don't feel that my skills and capacities are taking into accounts ,If a few managers took a chill pill.,,,,3,neutral,negative,negative
vitae@nisinibhlacinia.ca,Kane,4,4,3,getting to work with you guys is a real pleasure,less micro management,I would like to talk to the managers just to see where I am in the company. And let me dye my hair green.,,,,4,positive,positive,neutral
nisi@libero.com,Kasper,4,4,4,we have great team work ,more flexibility ,Everything is all good in the hood.,,,,5,positive,positive,neutral
dictum.eu@elit.net,Chase,2,2,2,well ...,valuate all staff the same way,Fire half the staff and replace them with trained monkeys.,,,,6,neutral,positive,neutral
dolor@Mauris.org,Jason,4,4,4,great workplace,just keep up the good work,No Improvement,,,,7,neutral,positive,positive
Nam.consequat@Fuscedolor.org,Branden,1,1,1,not much ,I don't like that my opinions are not taken into account,"We used to be a family, now no one trusts anyone anymore. My team members steal jobs and one impersonated me on the phone",,,,8,negative,negative,negative
rutrum.magna@lorem.org,Ralph,4,4,4,being rewarded after closing the ucb deal,more transparency about the financial situation of the company,I would like that my assignements will be aligned with my carreer goals,,,,9,positive,positive,neutral
id@Donecvitaeerat.co.uk,Vance,3,3,2,working with great colleagues,"more flexibility arround working hours , holidays etc",No Improvement,,,,10,neutral,positive,neutral
et.malesuada.fames@gravidamolestiearcu.com,Palmer,4,4,3,being part of this great advanture is thrilling,making the employees in the heart of management decisions,No Improvement,,,,11,neutral,positive,neutral
Mauris.vestibulum@Craseget.org,Chaim,4,4,3,the team building was nice,more openness and transparency,No Improvement,,,,12,neutral,positive,positive
Nullam@molestie.net,Anthony,4,4,3,get together with the colleagues,"more team buildings, less micromanagement",embrace agility,,,,13,neutral,neutral,neutral
et@quis.ca,Byron,2,2,2,my scrum master certification,more training,No Improvement,,,,14,neutral,positive,neutral
ultricies.sem.magna@urna.net,Igor,1,1,1,nothing really,being heard and valued,No Improvement,,,,15,neutral,negative,positive
lacinia.at@mi.co.uk,Emmanuel,4,4,4,the enthusiasm in the work place,offer more opportunities for continuous learning,No Improvement,,,,16,neutral,positive,neutral
mi.pede.nonummy@vulputaterisus.edu,Oleg,4,4,4,deciding finally that we are going to be a green company,put more energy in  our CSR work ,we should joing the BACA,,,,17,neutral,neutral,positive
enim@tristiquenequevenenatis.edu,Arsenio,2,2,2,having the opportunnity to onboard Cedric,less work load,No Improvement,,,,18,neutral,neutral,neutral
lobortis.nisi.nibh@Loremipsumdolor.net,Cedric,3,3,4,joining you guys,so far I've been pleased pleased for the help I revceived from my colleagues during my onboarding,I need some time to come with useful suggestions,,,,19,positive,neutral,negative
pharetra@tellus.co.uk,Roth,4,4,4,"staffing for buisiness team, we needed that",we should work more on perfection our synergy,No Improvement,,,,20,neutral,neutral,positive
adipiscing.elit.Curabitur@erat.net,Hamish,1,1,2,the team building was a good idea,more team buildings and activities between colleagues,"I asked for a one to one with my manager , I'm still waiting for that to happend , it would be nice to take employees demands more seriously",,,,21,positive,positive,neutral
tortor@Intincidunt.net,Reuben,4,4,1,working with my clients is always a pleasure,"I asked for help because the work load becomes heavy on me, I did not receive any answer until now wich is disappointing",No Improvement,,,,22,neutral,positive,negative
a@vitaealiquameros.ca,Dominic,4,4,3,proud of the feedback of my clients,we should put more energy in collecting feedback from our clients,No Improvement,,,,23,neutral,positive,positive
eget.volutpat@ridiculusmus.edu,Jonah,3,3,4,the day to day work is nice as usual,focus on the well being of the employees,No Improvement,,,,24,neutral,positive,positive
ipsum@dapibusrutrum.net,Samuel,4,4,2,it's always nice to see my colleagues,"my current mission is not aligned with my skills and carreer goals , would be nice to take that into account for the nex assignement",No Improvement,,,,25,neutral,positive,positive
cursus.Nunc@blanditenim.net,Quamar,4,4,4,I loved working inside the com team,so far I'm satisfied,No Improvement,,,,26,neutral,positive,negative
urna.Nullam@Inat.org,Tanek,1,1,1,for me I was more frustrated than anything else this month,"I would love to feel more implicated in the decisions that impact my day to day work , wich is not the case currently",implement a more particpative work policy,,,,27,neutral,negative,positive
convallis@vulputateeu.org,Chase,2,2,4,the great team and workplace we have,help me progress and grow my experties,No Improvement,,,,28,neutral,positive,positive
pharetra.sed@commodoipsumSuspendisse.edu,David,4,4,2,its nice be working with you guys,"I was not satisfied with result we got from X, we should do something about it",No Improvement,,,,29,neutral,positive,negative
Quisque.varius@maurisblandit.edu,Rafael,4,4,3,being able to help out my team mates,ensure we hire qualified people,No Improvement,,,,30,neutral,positive,neutral
sed.libero@litoratorquentper.net,Alec,4,4,3,the good collaboration within my team,the hiring process should be reviewed,No Improvement,,,,31,neutral,positive,neutral
Integer.tincidunt@estcongue.edu,Buckminster,3,3,3,I enjoyed my  day to day work ,I would love to have more responsibilities,be more responsive to employees demands,,,,32,neutral,positive,positive
molestie.orci@mattis.co.uk,Tate,4,4,2,the good collaboration is nice as usual,"the work load becomes very important , I need more staff in my team",No Improvement,,,,33,neutral,positive,neutral
at.auctor@duisemperet.org,Rafael,1,1,1,I can't recall,give us the opportunity to have a real impact,No Improvement,,,,34,neutral,neutral,neutral
ac.mattis.velit@lectussitamet.com,Victor,4,4,4,"I felt empowerd , that was great",keep this going,No Improvement,,,,35,neutral,positive,neutral
eu@mus.net,Omar,2,2,4,"the scrum certification , it a big achievement for me","with my new certification I would like to join the dev team as scrum master , my current position is no longuer relevant",No Improvement,,,,36,neutral,positive,positive
nisi.Aenean@luctusutpellentesque.com,Ethan,4,4,2,No Feeling,No Satisfaction,No Improvement,,,,37,neutral,neutral,neutral
consectetuer.euismod@pedeCras.com,Kermit,1,1,4,No Feeling,No Satisfaction,No Improvement,,,,38,neutral,neutral,neutral
nec@luctusCurabituregestas.net,Odysseus,4,4,4,No Feeling,No Satisfaction,No Improvement,,,,39,neutral,neutral,neutral
imperdiet@Duiscursus.edu,Ryder,3,3,2,No Feeling,No Satisfaction,No Improvement,,,,40,neutral,neutral,neutral
orci@tempusmauriserat.ca,Phillip,1,1,1,No Feeling,No Satisfaction,No Improvement,,,,41,neutral,neutral,neutral
porttitor.interdum.Sed@sapienAenean.ca,Alvin,1,1,3,No Feeling,No Satisfaction,No Improvement,,,,42,neutral,neutral,neutral
nulla@egestas.edu,Jakeem,4,4,4,No Feeling,No Satisfaction,No Improvement,,,,43,neutral,neutral,neutral
parturient.montes.nascetur@molestie.co.uk,Darius,2,2,2,No Feeling,No Satisfaction,No Improvement,,,,44,neutral,neutral,neutral
est@Nunccommodo.org,Channing,4,4,4,No Feeling,No Satisfaction,No Improvement,,,,45,neutral,neutral,neutral
porttitor@eu.org,Jackson,4,4,1,No Feeling,No Satisfaction,No Improvement,,,,46,neutral,neutral,neutral
Nam.porttitor@telluslorem.edu,Patrick,4,4,4,No Feeling,No Satisfaction,No Improvement,,,,47,neutral,neutral,neutral
nibh.Aliquam.ornare@vel.co.uk,Jameson,3,3,2,No Feeling,No Satisfaction,No Improvement,,,,48,neutral,neutral,neutral
Quisque.ac@velitegetlaoreet.ca,Wylie,1,1,3,No Feeling,No Satisfaction,No Improvement,,,,49,neutral,neutral,neutral
elit.sed.consequat@magnaatortor.net,Aristotle,4,4,3,No Feeling,No Satisfaction,No Improvement,,,,50,neutral,neutral,neutral
urna.convallis@adlitora.com,Luke,4,4,3,No Feeling,No Satisfaction,No Improvement,,,,51,neutral,neutral,neutral
Phasellus@nasceturridiculus.co.uk,Ira,2,2,2,No Feeling,No Satisfaction,No Improvement,,,,52,neutral,neutral,neutral
vulputate.mauris.sagittis@anteipsumprimis.com,Calvin,4,4,1,No Feeling,No Satisfaction,No Improvement,,,,53,neutral,neutral,neutral
et.euismod.et@Etiamlaoreet.com,Kirk,4,4,4,No Feeling,No Satisfaction,No Improvement,,,,54,neutral,neutral,neutral
mollis.Phasellus.libero@luctusfelispurus.net,Bruce,4,4,4,No Feeling,No Satisfaction,No Improvement,,,,55,neutral,neutral,neutral
euismod.est@facilisisfacilisis.net,Abel,1,1,2,No Feeling,No Satisfaction,No Improvement,,,,56,neutral,neutral,neutral
nascetur.ridiculus@semmolestie.com,Colin,4,4,4,No Feeling,No Satisfaction,No Improvement,,,,57,neutral,neutral,neutral
Nullam.feugiat.placerat@velmauris.com,Marshall,4,4,4,No Feeling,No Satisfaction,No Improvement,,,,58,neutral,neutral,neutral
ac@ut.com,Cade,4,4,2,No Feeling,No Satisfaction,No Improvement,,,,59,neutral,neutral,neutral
Curabitur.consequat.lectus@lacusCrasinterdum.edu,Cadman,2,2,1,No Feeling,No Satisfaction,No Improvement,,,,60,neutral,neutral,neutral
pellentesque.a@odiovelest.edu,Wade,4,4,3,No Feeling,No Satisfaction,No Improvement,,,,61,neutral,neutral,neutral
Sed@a.edu,Ulysses,4,4,4,No Feeling,No Satisfaction,No Improvement,,,,62,neutral,neutral,neutral
adipiscing@sociisnatoquepenatibus.co.uk,Cairo,4,4,2,No Feeling,No Satisfaction,No Improvement,,,,63,neutral,neutral,neutral
hendrerit.neque.In@tempor.org,Lev,3,3,4,No Feeling,No Satisfaction,No Improvement,,,,64,neutral,neutral,neutral
Mauris.non.dui@non.com,Brett,4,4,1,No Feeling,No Satisfaction,No Improvement,,,,65,neutral,neutral,neutral
auctor@dignissim.co.uk,Byron,4,4,4,No Feeling,No Satisfaction,No Improvement,,,,66,neutral,neutral,neutral
aliquam.eu@ProindolorNulla.edu,Rudyard,4,4,2,No Feeling,No Satisfaction,No Improvement,,,,67,neutral,neutral,neutral
sem.molestie@magnisdis.ca,Cairo,2,2,3,No Feeling,No Satisfaction,No Improvement,,,,68,neutral,neutral,neutral
non@Donecelementum.co.uk,Fitzgerald,4,4,3,No Feeling,No Satisfaction,No Improvement,,,,69,neutral,neutral,neutral
nascetur.ridiculus@odioNam.com,Ferris,4,4,3,No Feeling,No Satisfaction,No Improvement,,,,70,neutral,neutral,neutral
accumsan.sed.facilisis@Nunclaoreetlectus.edu,Ferris,4,4,2,No Feeling,No Satisfaction,No Improvement,,,,71,neutral,neutral,neutral
Nunc@velturpisAliquam.ca,Merrill,3,3,1,No Feeling,No Satisfaction,No Improvement,,,,72,neutral,neutral,neutral
fringilla@molestie.ca,Kaseem,4,4,4,No Feeling,No Satisfaction,No Improvement,,,,73,neutral,neutral,neutral
faucibus@ligula.com,Vincent,2,2,4,No Feeling,No Satisfaction,No Improvement,,,,74,neutral,neutral,neutral
velit.egestas.lacinia@mi.ca,Ian,4,4,2,No Feeling,No Satisfaction,No Improvement,,,,75,neutral,neutral,neutral
eget@libero.co.uk,Owen,2,2,4,No Feeling,No Satisfaction,No Improvement,,,,76,neutral,neutral,neutral
Aenean.euismod.mauris@cursusa.com,Oren,4,4,4,No Feeling,No Satisfaction,No Improvement,,,,77,neutral,neutral,neutral
netus.et.malesuada@penatibuset.co.uk,Jarrod,4,4,2,No Feeling,No Satisfaction,No Improvement,,,,78,neutral,neutral,neutral
et.rutrum.eu@dolorFuscefeugiat.co.uk,Jerry,4,4,1,No Feeling,No Satisfaction,No Improvement,,,,79,neutral,neutral,neutral
Aliquam@etipsum.net,Burke,3,3,3,No Feeling,No Satisfaction,No Improvement,,,,80,neutral,neutral,neutral
Aliquam.gravida.mauris@QuisquevariusNam.co.uk,Zahir,4,4,4,No Feeling,No Satisfaction,No Improvement,,,,81,neutral,neutral,neutral
adipiscing.ligula.Aenean@ligula.org,Silas,1,1,2,No Feeling,No Satisfaction,No Improvement,,,,82,neutral,neutral,neutral
at.libero@Sedetlibero.net,Jackson,1,1,4,No Feeling,No Satisfaction,No Improvement,,,,83,neutral,neutral,neutral
sit@Cras.co.uk,Marshall,2,2,1,No Feeling,No Satisfaction,No Improvement,,,,84,neutral,neutral,neutral
augue.Sed@acmi.net,Bruno,4,4,4,No Feeling,No Satisfaction,No Improvement,,,,85,neutral,neutral,neutral
mollis.Integer@commodoauctor.org,Ronan,4,4,2,No Feeling,No Satisfaction,No Improvement,,,,86,neutral,neutral,neutral
lacus@pede.ca,Kadeem,4,4,3,No Feeling,No Satisfaction,No Improvement,,,,87,neutral,neutral,neutral
et.netus@ornarefacilisis.edu,Brian,3,3,3,No Feeling,No Satisfaction,No Improvement,,,,88,neutral,neutral,neutral
id.enim.Curabitur@libero.ca,Kadeem,4,4,3,No Feeling,No Satisfaction,No Improvement,,,,89,neutral,neutral,neutral
orci@ridiculus.net,Stephen,4,4,2,No Feeling,No Satisfaction,No Improvement,,,,90,neutral,neutral,neutral
Aliquam@nibhPhasellusnulla.net,Cyrus,4,4,1,No Feeling,No Satisfaction,No Improvement,,,,91,neutral,neutral,neutral
vulputate@afeugiat.ca,Rigel,2,2,4,No Feeling,No Satisfaction,No Improvement,,,,92,neutral,neutral,neutral
laoreet.lectus@Sedeget.edu,Stuart,4,4,4,No Feeling,No Satisfaction,No Improvement,,,,93,neutral,neutral,neutral
eleifend.Cras@nunc.co.uk,Reese,4,4,2,No Feeling,No Satisfaction,No Improvement,,,,94,neutral,neutral,neutral
erat.vel@egestasrhoncusProin.edu,Victor,4,4,2,No Feeling,No Satisfaction,No Improvement,,,,95,neutral,neutral,neutral
In@vitaeorci.net,Gareth,2,2,1,No Feeling,No Satisfaction,No Improvement,,,,96,neutral,neutral,neutral
elementum@necurnaet.ca,Avram,4,4,4,No Feeling,No Satisfaction,No Improvement,,,,97,neutral,neutral,neutral
quis.pede.Suspendisse@risus.edu,Coby,4,4,4,No Feeling,No Satisfaction,No Improvement,,,,98,neutral,neutral,neutral
enim@ridiculusmusProin.org,Hector,4,4,2,No Feeling,No Satisfaction,No Improvement,,,,99,neutral,neutral,neutral
